,keyword
0,jame
1,david
2,ireland
3,virgil
4,mike
5,obama
6,clair
7,stephen
8,cj
9,dean
10,scienc
11,sam
12,evi
13,roark
14,debbi
15,ben
16,snow
17,cathol
18,fbi
19,sarah
20,slaveri
21,georg
22,william
23,memoir
24,maggi
25,conroy
26,fantasi
27,christin
28,parker
29,franc
30,smiley
31,maddi
32,cora
33,macomb
34,cultur
35,hors
36,promptli
37,presid
38,jake
39,grisham
40,recip
41,nazi
42,mitford
43,julia
44,sack
45,michael
46,ranger
47,graphic
48,price
49,amelia
50,trilog
51,south
52,churchil
53,kristin
54,china
55,train
56,logan
57,pike
58,reacher
59,spi
60,sasha
61,barrington
62,queen
63,medit
64,dresden
65,louis
66,coben
67,travel
68,penn
69,cook
70,ree
71,educ
72,thoma
73,audrey
74,meg
75,becca
76,edward
77,aaa
78,kat
79,casey
80,kate
81,vietnam
82,court
83,piper
84,warren
85,bedtim
86,condit
87,volum
88,inspector
89,funni
90,amish
91,neil
92,elizabeth
93,noah
94,dalla
95,faith
96,kristen
97,sherlock
98,rubi
99,wed
100,merci
101,connelli
102,inspir
103,agatha
104,oliv
105,villag
106,iren
107,myron
108,argument
109,zombi
110,prison
111,grandfath
112,twain
113,fairi
114,scifi
115,plum
116,gardner
117,garden
118,gabriel
119,gene
120,golden
121,bee
122,hiaasen
123,bennett
124,librari
125,promis
126,laura
127,nate
128,peter
129,russian
130,japanes
131,ryan
132,trump
133,histor
134,ruth
135,follett
136,moon
137,deliveri
138,robinson
139,game
140,willa
141,alic
142,christi
143,jackson
144,nick
145,robot
146,smith
147,robert
148,india
149,chine
150,product
151,rutledg
152,jesu
153,arthur
154,martin
155,color
156,white
157,hawk
158,assassin
159,luci
160,jessi
161,anna
162,allon
163,billi
164,miranda
165,sandford
166,alien
167,kelli
168,ashley
169,crime
170,24
171,karen
172,sophi
173,bank
174,joe
175,nathan
176,charlott
177,willi
178,dicken
179,connor
180,hillerman
181,cussler
182,juli
183,longmir
184,riordan
185,spanish
186,john
187,dr
188,magic
189,illustr
190,gamach
191,walt
192,richard
193,letter
194,pirat
195,christian
196,texa
197,auggi
198,heroin
199,cop
200,dd
201,bryson
202,sara
203,elvi
204,grafton
205,toddler
206,babi
207,molli
208,roosevelt
209,art
210,germani
211,thoroughli
212,london
213,gaiman
214,sigma
215,princ
216,flap
217,blue
218,beginn
219,cassi
220,hart
221,jami
222,marshal
223,prefect
224,nora
225,carli
226,qualiti
227,amazon
228,ken
229,brother
230,mia
231,clark
232,tower
233,space
234,jude
235,abus
236,clanci
237,cat
238,witch
239,bought
240,jeff
241,stephani
242,busi
243,king
244,ship
245,translat
246,jack
247,hannah
248,bind
249,aurora
250,ella
251,russia
252,black
253,beth
254,club
255,cur
256,christma
257,kidnap
258,pari
259,dobb
260,kinsey
261,holm
262,alaska
263,advertis
264,baldacci
265,alex
266,eleanor
267,delight
268,earth
269,scott
270,code
271,monk
272,militari
273,vega
274,advic
275,seuss
276,isabel
277,maura
278,arriv
279,practic
280,brown
281,stuart
282,lyra
283,malcolm
284,charley
285,milo
286,frank
287,french
288,birthday
289,vegan
290,nichola
291,louisa
292,eat
293,friendship
294,mountain
295,bodi
296,corey
297,mari
298,owen
299,gabaldon
300,niec
301,cadfael
302,helen
303,nevada
304,polli
305,dog
306,biographi
307,devot
308,bird
309,truck
310,lincoln
311,crayon
312,cookbook
313,rhyme
314,demil
315,adam
316,lili
317,nurs
318,america
319,flynn
320,tom
321,sue
322,vampir
323,twin
324,slave
325,emma
326,berni
327,ann
328,amber
329,jr
330,silva
331,sunni
332,elsi
333,cd
334,music
335,clare
336,dragon
337,sanderson
338,gregori
339,korea
340,spark
341,flower
342,privat
343,isl
344,coal
345,manson
346,koontz
347,graham
348,potter
349,sister
350,wood
351,god
352,ethan
353,poirot
354,awesom
355,marin
356,guid
357,cia
358,mac
359,tree
360,jessica
361,jewish
362,food
363,coin
364,nesbo
365,bridg
366,haller
367,lisa
368,memori
369,bosch
370,battl
371,stone
372,runner
373,rhage
374,lindsay
375,victoria
376,horror
377,jess
378,wwii
379,finn
380,paul
381,austen
382,angel
383,raven
384,grandson
385,pickett
386,taylor
387,gray
388,zoe
389,penni
390,patient
391,circu
392,version
393,bibl
394,susan
395,shannon
396,seth
397,dan
398,clara
399,granddaught
400,craig
401,veronica
402,ford
403,sequel
404,luca
405,lee
406,york
407,box
408,puller
409,jane
410,outland
411,lord
412,camil
413,janc
414,kennedi
415,island
416,butcher
417,cute
418,grace
419,brigg
420,dani
421,essay
422,holli
423,hemingway
424,mare
425,vera
426,clive
427,collect
428,kati
429,eve
430,winter
431,mr
432,anni
433,ranch
434,cornwel
435,diet
436,diesel
437,jacob
438,diana
439,farm
440,charli
441,bookshot
442,perci
443,luke
444,patterson
445,dylan
446,carol
447,monster
448,ami
449,gemma
450,bobbi
451,naomi
452,quinn
453,rose
454,merri
455,indian
456,patricia
457,wolf
458,robin
459,campaign
460,nell
461,henri
462,duke
463,charl
464,bailey
465,sooki
466,cross
467,compani
468,north
469,catherin
470,harri
471,sweet
472,kellerman
473,cole
474,christoph
475,lewi
476,wimpi
477,moor
478,money
479,davenport
480,rachel
481,hill
482,video
483,rollin
484,maisi
485,sex
486,olivia
487,anim
488,steel
489,brook
490,clay
491,item
492,gari
493,grandchild
494,leo
495,cinder
496,millhon
497,daniel
498,flora
499,lizzi
